command,mean,stddev,median,user,system,min,max
fib.exe,0.06283142216326532,0.044936617895639214,0.049698114,0.015306122448979583,0.0164030612244898,0.031002614000000005,0.257921714
python,0.06565147400000002,0.016263655195586358,0.060164864000000005,0.02414062499999998,0.029820312499999984,0.054208714000000005,0.14104721400000003
fib.py,2.4590088139999997,0.03563579816610758,2.448935164,0.4468750000000001,0.495625,2.4218846139999997,2.542987814
node,0.0522710444347826,0.008888799190488609,0.050256514,0.024388586956521723,0.02127038043478261,0.041709614000000006,0.09096731400000001
fib.js,2.464429234,0.042963967162361116,2.449597314,0.5406250000000001,0.6893749999999998,2.431227414,2.580147114
C:\Users\ACER\OneDrive\Documents\thetundralanguage\target\release\tundra-cli.exe .\fib.tundra,4.461599684,0.03965525881230916,4.4576709139999995,4.353125,0.03496875000000001,4.418075114,4.532075314
