command,mean,stddev,median,user,system,min,max
C:\Users\ACER\OneDrive\Documents\thetundralanguage\target\release\tundra-cli.exe fib.tundra,0.6341999420000001,0.0269136598673115,0.6318280920000001,0.5556249999999998,0.025687500000000002,0.588856342,0.6845716420000001
python fib.py ,0.46020665199999994,0.034350191201811375,0.455343642,0.3775,0.041875,0.412557442,0.535483342
